Region,Date,Loan_Amount_GEL
Tbilisi,"Monday, November 30, 2015",3585.94
Tbilisi,"Thursday, December 31, 2015",3670.217
Tbilisi,"Sunday, January 31, 2016",3521.443
Tbilisi,"Monday, February 29, 2016",3493.283
Tbilisi,"Thursday, March 31, 2016",3517.868
Tbilisi,"Saturday, April 30, 2016",3489.862
Tbilisi,"Tuesday, May 31, 2016",3459.71
Tbilisi,"Thursday, June 30, 2016",3594.93
Tbilisi,"Sunday, July 31, 2016",3772.458
Tbilisi,"Wednesday, August 31, 2016",3743.451
Tbilisi,"Friday, September 30, 2016",3988.942
Tbilisi,"Monday, October 31, 2016",3921.161
Tbilisi,"Wednesday, November 30, 2016",4083.967
Tbilisi,"Saturday, December 31, 2016",4197.651
Tbilisi,"Tuesday, January 31, 2017",4263.567
Tbilisi,"Tuesday, February 28, 2017",4340.805
Tbilisi,"Friday, March 31, 2017",4602.337
Tbilisi,"Sunday, April 30, 2017",4688.508
Tbilisi,"Wednesday, May 31, 2017",4849.347
Tbilisi,"Friday, June 30, 2017",5007.362
Tbilisi,"Monday, July 31, 2017",5139.404
Tbilisi,"Thursday, August 31, 2017",5181.812
Tbilisi,"Saturday, September 30, 2017",5435.386
Tbilisi,"Tuesday, October 31, 2017",5512.307
Tbilisi,"Thursday, November 30, 2017",5676.465
Tbilisi,"Sunday, December 31, 2017",5901.125
Tbilisi,"Wednesday, January 31, 2018",5916.889
Tbilisi,"Wednesday, February 28, 2018",5991.292
Tbilisi,"Saturday, March 31, 2018",6097.512
Tbilisi,"Monday, April 30, 2018",6202.478
Tbilisi,"Thursday, May 31, 2018",6256.59
Tbilisi,"Saturday, June 30, 2018",6337.587
Tbilisi,"Tuesday, July 31, 2018",6493.164
Tbilisi,"Friday, August 31, 2018",6533.189
Tbilisi,"Sunday, September 30, 2018",6786.396
Tbilisi,"Wednesday, October 31, 2018",6900.336
Tbilisi,"Friday, November 30, 2018",6938.451
Tbilisi,"Monday, December 31, 2018",7018.463
Tbilisi,"Thursday, January 31, 2019",6946.067
Tbilisi,"Thursday, February 28, 2019",7038.035
Tbilisi,"Sunday, March 31, 2019",7252.986
Tbilisi,"Tuesday, April 30, 2019",7284.772
Tbilisi,"Friday, May 31, 2019",7492.645
Tbilisi,"Sunday, June 30, 2019",7886.544
Tbilisi,"Wednesday, July 31, 2019",7995.246
Tbilisi,"Saturday, August 31, 2019",8297.591
Tbilisi,"Monday, September 30, 2019",8659.167
Tbilisi,"Thursday, October 31, 2019",8781.749
Tbilisi,"Saturday, November 30, 2019",8948.809
Tbilisi,"Tuesday, December 31, 2019",9173.527
Tbilisi,"Friday, January 31, 2020",9161.608
Tbilisi,"Saturday, February 29, 2020",9208.368
Tbilisi,"Tuesday, March 31, 2020",9203.096
Tbilisi,"Thursday, April 30, 2020",9188.331
Tbilisi,"Sunday, May 31, 2020",9136.482
Tbilisi,"Tuesday, June 30, 2020",9223.63
Tbilisi,"Friday, July 31, 2020",9340.777
Tbilisi,"Monday, August 31, 2020",9421.229
Tbilisi,"Wednesday, September 30, 2020",9848.041
Tbilisi,"Saturday, October 31, 2020",9951.136
Tbilisi,"Monday, November 30, 2020",10223.458
Tbilisi,"Thursday, December 31, 2020",10772.867
Tbilisi,"Sunday, January 31, 2021",10694.484
Tbilisi,"Sunday, February 28, 2021",10781.084
Tbilisi,"Wednesday, March 31, 2021",10931.804
Tbilisi,"Friday, April 30, 2021",11162.773
Tbilisi,"Monday, May 31, 2021",11331.403
Tbilisi,"Wednesday, June 30, 2021",11594.674
Tbilisi,"Saturday, July 31, 2021",11821.442
Tbilisi,"Tuesday, August 31, 2021",12034.221
Tbilisi,"Thursday, September 30, 2021",12478.676
Tbilisi,"Sunday, October 31, 2021",12727.822
Tbilisi,"Tuesday, November 30, 2021",12901.947
Tbilisi,"Friday, December 31, 2021",13407.585
Tbilisi,"Monday, January 31, 2022",13192.433
Tbilisi,"Monday, February 28, 2022",13162.872
Tbilisi,"Thursday, March 31, 2022",13523.54
Tbilisi,"Saturday, April 30, 2022",13560.661
Tbilisi,"Tuesday, May 31, 2022",13744.938
Tbilisi,"Thursday, June 30, 2022",14011.059
Tbilisi,"Sunday, July 31, 2022",14112.322
Tbilisi,"Wednesday, August 31, 2022",14340.232
Tbilisi,"Friday, September 30, 2022",14717.054
Tbilisi,"Monday, October 31, 2022",14871.427
Tbilisi,"Wednesday, November 30, 2022",14979.449
Tbilisi,"Saturday, December 31, 2022",15792.753
Tbilisi,"Tuesday, January 31, 2023",15258.001
Tbilisi,"Tuesday, February 28, 2023",15256.464
Tbilisi,"Friday, March 31, 2023",15341.458
Tbilisi,"Sunday, April 30, 2023",15383.403
Tbilisi,"Wednesday, May 31, 2023",15490.952
Tbilisi,"Friday, June 30, 2023",15956.622
Tbilisi,"Monday, July 31, 2023",15941.285
Tbilisi,"Thursday, August 31, 2023",16237.271
Tbilisi,"Saturday, September 30, 2023",16698.846
Tbilisi,"Tuesday, October 31, 2023",17022.74
Tbilisi,"Thursday, November 30, 2023",17329.93
Tbilisi,"Sunday, December 31, 2023",18034.837
Tbilisi,"Wednesday, January 31, 2024",17885.428
Tbilisi,"Thursday, February 29, 2024",18123.46
Tbilisi,"Sunday, March 31, 2024",18526.899
Tbilisi,"Tuesday, April 30, 2024",18717.095
Tbilisi,"Friday, May 31, 2024",19096.494
Tbilisi,"Sunday, June 30, 2024",19708.085
Tbilisi,"Wednesday, July 31, 2024",19978.463
Tbilisi,"Saturday, August 31, 2024",20285.584
Tbilisi,"Monday, September 30, 2024",21026.691
Tbilisi,"Thursday, October 31, 2024",21656.828
Tbilisi,"Saturday, November 30, 2024",22074.275
Tbilisi,"Tuesday, December 31, 2024",22509.413
Tbilisi,"Friday, January 31, 2025",22516.178
Tbilisi,"Friday, February 28, 2025",22781.984
Tbilisi,"Monday, March 31, 2025",23093.391
Tbilisi,"Wednesday, April 30, 2025",23227.716
Tbilisi,"Saturday, May 31, 2025",23472.591
Tbilisi,"Monday, June 30, 2025",24088.129
Tbilisi,"Thursday, July 31, 2025",24397.064
Tbilisi,"Sunday, August 31, 2025",24642.189
Tbilisi,"Tuesday, September 30, 2025",25041.179
Tbilisi,"Friday, October 31, 2025",25382.205
Tbilisi,"Sunday, November 30, 2025",25904.705
Tbilisi,"Wednesday, December 31, 2025",26380.309
Tbilisi,"Saturday, January 31, 2026",26493.516
Tbilisi,"Saturday, February 28, 2026",26938.639
Tbilisi,"Tuesday, March 31, 2026",27763.027
"Adjara, Autonomous Republic of","Monday, November 30, 2015",319.587
"Adjara, Autonomous Republic of","Thursday, December 31, 2015",328.211
"Adjara, Autonomous Republic of","Sunday, January 31, 2016",324.342
"Adjara, Autonomous Republic of","Monday, February 29, 2016",325.089
"Adjara, Autonomous Republic of","Thursday, March 31, 2016",324.688
"Adjara, Autonomous Republic of","Saturday, April 30, 2016",326.69
"Adjara, Autonomous Republic of","Tuesday, May 31, 2016",332.897
"Adjara, Autonomous Republic of","Thursday, June 30, 2016",338.077
"Adjara, Autonomous Republic of","Sunday, July 31, 2016",333.495
"Adjara, Autonomous Republic of","Wednesday, August 31, 2016",330.471
"Adjara, Autonomous Republic of","Friday, September 30, 2016",334.005
"Adjara, Autonomous Republic of","Monday, October 31, 2016",347.061
"Adjara, Autonomous Republic of","Wednesday, November 30, 2016",359.982
"Adjara, Autonomous Republic of","Saturday, December 31, 2016",375.114
"Adjara, Autonomous Republic of","Tuesday, January 31, 2017",383.137
"Adjara, Autonomous Republic of","Tuesday, February 28, 2017",398.715
"Adjara, Autonomous Republic of","Friday, March 31, 2017",432.251
"Adjara, Autonomous Republic of","Sunday, April 30, 2017",450.184
"Adjara, Autonomous Republic of","Wednesday, May 31, 2017",528.57
"Adjara, Autonomous Republic of","Friday, June 30, 2017",547.523
"Adjara, Autonomous Republic of","Monday, July 31, 2017",551.346
"Adjara, Autonomous Republic of","Thursday, August 31, 2017",561.3
"Adjara, Autonomous Republic of","Saturday, September 30, 2017",581.04
"Adjara, Autonomous Republic of","Tuesday, October 31, 2017",599.929
"Adjara, Autonomous Republic of","Thursday, November 30, 2017",615.934
"Adjara, Autonomous Republic of","Sunday, December 31, 2017",649.748
"Adjara, Autonomous Republic of","Wednesday, January 31, 2018",650
"Adjara, Autonomous Republic of","Wednesday, February 28, 2018",671.355
"Adjara, Autonomous Republic of","Saturday, March 31, 2018",697.855
"Adjara, Autonomous Republic of","Monday, April 30, 2018",721
"Adjara, Autonomous Republic of","Thursday, May 31, 2018",736.822
"Adjara, Autonomous Republic of","Saturday, June 30, 2018",751.292
"Adjara, Autonomous Republic of","Tuesday, July 31, 2018",755.036
"Adjara, Autonomous Republic of","Friday, August 31, 2018",757.291
"Adjara, Autonomous Republic of","Sunday, September 30, 2018",765.701
"Adjara, Autonomous Republic of","Wednesday, October 31, 2018",780.535
"Adjara, Autonomous Republic of","Friday, November 30, 2018",793.692
"Adjara, Autonomous Republic of","Monday, December 31, 2018",815.188
"Adjara, Autonomous Republic of","Thursday, January 31, 2019",811.983
"Adjara, Autonomous Republic of","Thursday, February 28, 2019",818.909
"Adjara, Autonomous Republic of","Sunday, March 31, 2019",829.68
"Adjara, Autonomous Republic of","Tuesday, April 30, 2019",851.579
"Adjara, Autonomous Republic of","Friday, May 31, 2019",876.229
"Adjara, Autonomous Republic of","Sunday, June 30, 2019",901.383
"Adjara, Autonomous Republic of","Wednesday, July 31, 2019",925.62
"Adjara, Autonomous Republic of","Saturday, August 31, 2019",934.691
"Adjara, Autonomous Republic of","Monday, September 30, 2019",952.17
"Adjara, Autonomous Republic of","Thursday, October 31, 2019",973.946
"Adjara, Autonomous Republic of","Saturday, November 30, 2019",994.455
"Adjara, Autonomous Republic of","Tuesday, December 31, 2019",1011.947
"Adjara, Autonomous Republic of","Friday, January 31, 2020",1010.882
"Adjara, Autonomous Republic of","Saturday, February 29, 2020",1030.868
"Adjara, Autonomous Republic of","Tuesday, March 31, 2020",1032.589
"Adjara, Autonomous Republic of","Thursday, April 30, 2020",1033.535
"Adjara, Autonomous Republic of","Sunday, May 31, 2020",1036.419
"Adjara, Autonomous Republic of","Tuesday, June 30, 2020",1045.629
"Adjara, Autonomous Republic of","Friday, July 31, 2020",1061.744
"Adjara, Autonomous Republic of","Monday, August 31, 2020",1083.961
"Adjara, Autonomous Republic of","Wednesday, September 30, 2020",1100.569
"Adjara, Autonomous Republic of","Saturday, October 31, 2020",1182.72
"Adjara, Autonomous Republic of","Monday, November 30, 2020",1194.783
"Adjara, Autonomous Republic of","Thursday, December 31, 2020",1215.114
"Adjara, Autonomous Republic of","Sunday, January 31, 2021",1213.355
"Adjara, Autonomous Republic of","Sunday, February 28, 2021",1227.949
"Adjara, Autonomous Republic of","Wednesday, March 31, 2021",1262.064
"Adjara, Autonomous Republic of","Friday, April 30, 2021",1282.699
"Adjara, Autonomous Republic of","Monday, May 31, 2021",1304.263
"Adjara, Autonomous Republic of","Wednesday, June 30, 2021",1329.527
"Adjara, Autonomous Republic of","Saturday, July 31, 2021",1349.613
"Adjara, Autonomous Republic of","Tuesday, August 31, 2021",1367.653
"Adjara, Autonomous Republic of","Thursday, September 30, 2021",1382.798
"Adjara, Autonomous Republic of","Sunday, October 31, 2021",1402.075
"Adjara, Autonomous Republic of","Tuesday, November 30, 2021",1436.18
"Adjara, Autonomous Republic of","Friday, December 31, 2021",1477.187
"Adjara, Autonomous Republic of","Monday, January 31, 2022",1481.827
"Adjara, Autonomous Republic of","Monday, February 28, 2022",1507.61
"Adjara, Autonomous Republic of","Thursday, March 31, 2022",1500.683
"Adjara, Autonomous Republic of","Saturday, April 30, 2022",1531.218
"Adjara, Autonomous Republic of","Tuesday, May 31, 2022",1564.642
"Adjara, Autonomous Republic of","Thursday, June 30, 2022",1594.496
"Adjara, Autonomous Republic of","Sunday, July 31, 2022",1614.77
"Adjara, Autonomous Republic of","Wednesday, August 31, 2022",1649.723
"Adjara, Autonomous Republic of","Friday, September 30, 2022",1660.846
"Adjara, Autonomous Republic of","Monday, October 31, 2022",1681.451
"Adjara, Autonomous Republic of","Wednesday, November 30, 2022",1717.192
"Adjara, Autonomous Republic of","Saturday, December 31, 2022",1749.249
"Adjara, Autonomous Republic of","Tuesday, January 31, 2023",1754.708
"Adjara, Autonomous Republic of","Tuesday, February 28, 2023",1775.817
"Adjara, Autonomous Republic of","Friday, March 31, 2023",1808.618
"Adjara, Autonomous Republic of","Sunday, April 30, 2023",1829.002
"Adjara, Autonomous Republic of","Wednesday, May 31, 2023",1875.187
"Adjara, Autonomous Republic of","Friday, June 30, 2023",1921.589
"Adjara, Autonomous Republic of","Monday, July 31, 2023",1947.158
"Adjara, Autonomous Republic of","Thursday, August 31, 2023",1972.114
"Adjara, Autonomous Republic of","Saturday, September 30, 2023",2009.788
"Adjara, Autonomous Republic of","Tuesday, October 31, 2023",2049.736
"Adjara, Autonomous Republic of","Thursday, November 30, 2023",2091.555
"Adjara, Autonomous Republic of","Sunday, December 31, 2023",2144.029
"Adjara, Autonomous Republic of","Wednesday, January 31, 2024",2149.907
"Adjara, Autonomous Republic of","Thursday, February 29, 2024",2182.386
"Adjara, Autonomous Republic of","Sunday, March 31, 2024",2217.342
"Adjara, Autonomous Republic of","Tuesday, April 30, 2024",2261.13
"Adjara, Autonomous Republic of","Friday, May 31, 2024",2317.012
"Adjara, Autonomous Republic of","Sunday, June 30, 2024",2337.289
"Adjara, Autonomous Republic of","Wednesday, July 31, 2024",2368.05
"Adjara, Autonomous Republic of","Saturday, August 31, 2024",2415.465
"Adjara, Autonomous Republic of","Monday, September 30, 2024",2461.672
"Adjara, Autonomous Republic of","Thursday, October 31, 2024",2499.658
"Adjara, Autonomous Republic of","Saturday, November 30, 2024",2555.359
"Adjara, Autonomous Republic of","Tuesday, December 31, 2024",2605.237
"Adjara, Autonomous Republic of","Friday, January 31, 2025",2626.121
"Adjara, Autonomous Republic of","Friday, February 28, 2025",2648.449
"Adjara, Autonomous Republic of","Monday, March 31, 2025",2691.395
"Adjara, Autonomous Republic of","Wednesday, April 30, 2025",2723.977
"Adjara, Autonomous Republic of","Saturday, May 31, 2025",2799.368
"Adjara, Autonomous Republic of","Monday, June 30, 2025",2810.504
"Adjara, Autonomous Republic of","Thursday, July 31, 2025",2813.256
"Adjara, Autonomous Republic of","Sunday, August 31, 2025",2826.29
"Adjara, Autonomous Republic of","Tuesday, September 30, 2025",2856.874
"Adjara, Autonomous Republic of","Friday, October 31, 2025",2892.255
"Adjara, Autonomous Republic of","Sunday, November 30, 2025",2932.573
"Adjara, Autonomous Republic of","Wednesday, December 31, 2025",2991.099
"Adjara, Autonomous Republic of","Saturday, January 31, 2026",2945.208
"Adjara, Autonomous Republic of","Saturday, February 28, 2026",2996.745
"Adjara, Autonomous Republic of","Tuesday, March 31, 2026",2983.558
Samegrelo-Zemo Svaneti,"Monday, November 30, 2015",275.829
Samegrelo-Zemo Svaneti,"Thursday, December 31, 2015",281.943
Samegrelo-Zemo Svaneti,"Sunday, January 31, 2016",279.068
Samegrelo-Zemo Svaneti,"Monday, February 29, 2016",279.286
Samegrelo-Zemo Svaneti,"Thursday, March 31, 2016",282.332
Samegrelo-Zemo Svaneti,"Saturday, April 30, 2016",287.032
Samegrelo-Zemo Svaneti,"Tuesday, May 31, 2016",289.989
Samegrelo-Zemo Svaneti,"Thursday, June 30, 2016",296.199
Samegrelo-Zemo Svaneti,"Sunday, July 31, 2016",300.876
Samegrelo-Zemo Svaneti,"Wednesday, August 31, 2016",304.147
Samegrelo-Zemo Svaneti,"Friday, September 30, 2016",308.147
Samegrelo-Zemo Svaneti,"Monday, October 31, 2016",312.482
Samegrelo-Zemo Svaneti,"Wednesday, November 30, 2016",319.123
Samegrelo-Zemo Svaneti,"Saturday, December 31, 2016",329.778
Samegrelo-Zemo Svaneti,"Tuesday, January 31, 2017",331.005
Samegrelo-Zemo Svaneti,"Tuesday, February 28, 2017",339.937
Samegrelo-Zemo Svaneti,"Friday, March 31, 2017",360.356
Samegrelo-Zemo Svaneti,"Sunday, April 30, 2017",372.239
Samegrelo-Zemo Svaneti,"Wednesday, May 31, 2017",422.782
Samegrelo-Zemo Svaneti,"Friday, June 30, 2017",440.652
Samegrelo-Zemo Svaneti,"Monday, July 31, 2017",456.351
Samegrelo-Zemo Svaneti,"Thursday, August 31, 2017",473.731
Samegrelo-Zemo Svaneti,"Saturday, September 30, 2017",486.491
Samegrelo-Zemo Svaneti,"Tuesday, October 31, 2017",498.614
Samegrelo-Zemo Svaneti,"Thursday, November 30, 2017",509.442
Samegrelo-Zemo Svaneti,"Sunday, December 31, 2017",529.079
Samegrelo-Zemo Svaneti,"Wednesday, January 31, 2018",516.189
Samegrelo-Zemo Svaneti,"Wednesday, February 28, 2018",521.904
Samegrelo-Zemo Svaneti,"Saturday, March 31, 2018",536.652
Samegrelo-Zemo Svaneti,"Monday, April 30, 2018",543.145
Samegrelo-Zemo Svaneti,"Thursday, May 31, 2018",548.527
Samegrelo-Zemo Svaneti,"Saturday, June 30, 2018",555.739
Samegrelo-Zemo Svaneti,"Tuesday, July 31, 2018",565.633
Samegrelo-Zemo Svaneti,"Friday, August 31, 2018",581.266
Samegrelo-Zemo Svaneti,"Sunday, September 30, 2018",591.494
Samegrelo-Zemo Svaneti,"Wednesday, October 31, 2018",597.098
Samegrelo-Zemo Svaneti,"Friday, November 30, 2018",599.865
Samegrelo-Zemo Svaneti,"Monday, December 31, 2018",596.487
Samegrelo-Zemo Svaneti,"Thursday, January 31, 2019",588.22
Samegrelo-Zemo Svaneti,"Thursday, February 28, 2019",584.931
Samegrelo-Zemo Svaneti,"Sunday, March 31, 2019",584.03
Samegrelo-Zemo Svaneti,"Tuesday, April 30, 2019",590.476
Samegrelo-Zemo Svaneti,"Friday, May 31, 2019",594.185
Samegrelo-Zemo Svaneti,"Sunday, June 30, 2019",599.95
Samegrelo-Zemo Svaneti,"Wednesday, July 31, 2019",606.25
Samegrelo-Zemo Svaneti,"Saturday, August 31, 2019",616.57
Samegrelo-Zemo Svaneti,"Monday, September 30, 2019",621.958
Samegrelo-Zemo Svaneti,"Thursday, October 31, 2019",626.847
Samegrelo-Zemo Svaneti,"Saturday, November 30, 2019",632.618
Samegrelo-Zemo Svaneti,"Tuesday, December 31, 2019",637.427
Samegrelo-Zemo Svaneti,"Friday, January 31, 2020",633.858
Samegrelo-Zemo Svaneti,"Saturday, February 29, 2020",637.131
Samegrelo-Zemo Svaneti,"Tuesday, March 31, 2020",642.032
Samegrelo-Zemo Svaneti,"Thursday, April 30, 2020",636.934
Samegrelo-Zemo Svaneti,"Sunday, May 31, 2020",644.504
Samegrelo-Zemo Svaneti,"Tuesday, June 30, 2020",656.362
Samegrelo-Zemo Svaneti,"Friday, July 31, 2020",671.099
Samegrelo-Zemo Svaneti,"Monday, August 31, 2020",691.757
Samegrelo-Zemo Svaneti,"Wednesday, September 30, 2020",702.934
Samegrelo-Zemo Svaneti,"Saturday, October 31, 2020",723.469
Samegrelo-Zemo Svaneti,"Monday, November 30, 2020",730.256
Samegrelo-Zemo Svaneti,"Thursday, December 31, 2020",756.365
Samegrelo-Zemo Svaneti,"Sunday, January 31, 2021",755.81
Samegrelo-Zemo Svaneti,"Sunday, February 28, 2021",763.914
Samegrelo-Zemo Svaneti,"Wednesday, March 31, 2021",777.733
Samegrelo-Zemo Svaneti,"Friday, April 30, 2021",797.082
Samegrelo-Zemo Svaneti,"Monday, May 31, 2021",809.859
Samegrelo-Zemo Svaneti,"Wednesday, June 30, 2021",835.102
Samegrelo-Zemo Svaneti,"Saturday, July 31, 2021",869.364
Samegrelo-Zemo Svaneti,"Tuesday, August 31, 2021",897.864
Samegrelo-Zemo Svaneti,"Thursday, September 30, 2021",926.343
Samegrelo-Zemo Svaneti,"Sunday, October 31, 2021",936.214
Samegrelo-Zemo Svaneti,"Tuesday, November 30, 2021",944.226
Samegrelo-Zemo Svaneti,"Friday, December 31, 2021",963.621
Samegrelo-Zemo Svaneti,"Monday, January 31, 2022",965.932
Samegrelo-Zemo Svaneti,"Monday, February 28, 2022",978.367
Samegrelo-Zemo Svaneti,"Thursday, March 31, 2022",947.298
Samegrelo-Zemo Svaneti,"Saturday, April 30, 2022",962.523
Samegrelo-Zemo Svaneti,"Tuesday, May 31, 2022",973.316
Samegrelo-Zemo Svaneti,"Thursday, June 30, 2022",985.593
Samegrelo-Zemo Svaneti,"Sunday, July 31, 2022",1006.751
Samegrelo-Zemo Svaneti,"Wednesday, August 31, 2022",1040.672
Samegrelo-Zemo Svaneti,"Friday, September 30, 2022",1061.665
Samegrelo-Zemo Svaneti,"Monday, October 31, 2022",1069.171
Samegrelo-Zemo Svaneti,"Wednesday, November 30, 2022",1078.311
Samegrelo-Zemo Svaneti,"Saturday, December 31, 2022",1091.986
Samegrelo-Zemo Svaneti,"Tuesday, January 31, 2023",1089.359
Samegrelo-Zemo Svaneti,"Tuesday, February 28, 2023",1103.469
Samegrelo-Zemo Svaneti,"Friday, March 31, 2023",1121.806
Samegrelo-Zemo Svaneti,"Sunday, April 30, 2023",1121.328
Samegrelo-Zemo Svaneti,"Wednesday, May 31, 2023",1136.919
Samegrelo-Zemo Svaneti,"Friday, June 30, 2023",1153.7
Samegrelo-Zemo Svaneti,"Monday, July 31, 2023",1171.731
Samegrelo-Zemo Svaneti,"Thursday, August 31, 2023",1196.028
Samegrelo-Zemo Svaneti,"Saturday, September 30, 2023",1200.494
Samegrelo-Zemo Svaneti,"Tuesday, October 31, 2023",1212.198
Samegrelo-Zemo Svaneti,"Thursday, November 30, 2023",1222.921
Samegrelo-Zemo Svaneti,"Sunday, December 31, 2023",1255.624
Samegrelo-Zemo Svaneti,"Wednesday, January 31, 2024",1248.109
Samegrelo-Zemo Svaneti,"Thursday, February 29, 2024",1262.921
Samegrelo-Zemo Svaneti,"Sunday, March 31, 2024",1273.795
Samegrelo-Zemo Svaneti,"Tuesday, April 30, 2024",1297.214
Samegrelo-Zemo Svaneti,"Friday, May 31, 2024",1309.299
Samegrelo-Zemo Svaneti,"Sunday, June 30, 2024",1323.909
Samegrelo-Zemo Svaneti,"Wednesday, July 31, 2024",1351.401
Samegrelo-Zemo Svaneti,"Saturday, August 31, 2024",1383.304
Samegrelo-Zemo Svaneti,"Monday, September 30, 2024",1406.904
Samegrelo-Zemo Svaneti,"Thursday, October 31, 2024",1429.037
Samegrelo-Zemo Svaneti,"Saturday, November 30, 2024",1443.07
Samegrelo-Zemo Svaneti,"Tuesday, December 31, 2024",1461.106
Samegrelo-Zemo Svaneti,"Friday, January 31, 2025",1464.235
Samegrelo-Zemo Svaneti,"Friday, February 28, 2025",1472.445
Samegrelo-Zemo Svaneti,"Monday, March 31, 2025",1491.257
Samegrelo-Zemo Svaneti,"Wednesday, April 30, 2025",1506.082
Samegrelo-Zemo Svaneti,"Saturday, May 31, 2025",1544.111
Samegrelo-Zemo Svaneti,"Monday, June 30, 2025",1563.86
Samegrelo-Zemo Svaneti,"Thursday, July 31, 2025",1578.395
Samegrelo-Zemo Svaneti,"Sunday, August 31, 2025",1608.499
Samegrelo-Zemo Svaneti,"Tuesday, September 30, 2025",1632.019
Samegrelo-Zemo Svaneti,"Friday, October 31, 2025",1642.79
Samegrelo-Zemo Svaneti,"Sunday, November 30, 2025",1660.894
Samegrelo-Zemo Svaneti,"Wednesday, December 31, 2025",1684.609
Samegrelo-Zemo Svaneti,"Saturday, January 31, 2026",1582.291
Samegrelo-Zemo Svaneti,"Saturday, February 28, 2026",1604.628
Samegrelo-Zemo Svaneti,"Tuesday, March 31, 2026",1602.297
Guria,"Monday, November 30, 2015",47.089
Guria,"Thursday, December 31, 2015",47.419
Guria,"Sunday, January 31, 2016",46.902
Guria,"Monday, February 29, 2016",47.862
Guria,"Thursday, March 31, 2016",48.875
Guria,"Saturday, April 30, 2016",50.388
Guria,"Tuesday, May 31, 2016",51.017
Guria,"Thursday, June 30, 2016",52.108
Guria,"Sunday, July 31, 2016",51.972
Guria,"Wednesday, August 31, 2016",51.438
Guria,"Friday, September 30, 2016",51.724
Guria,"Monday, October 31, 2016",52.581
Guria,"Wednesday, November 30, 2016",53.138
Guria,"Saturday, December 31, 2016",54.541
Guria,"Tuesday, January 31, 2017",55.339
Guria,"Tuesday, February 28, 2017",56.791
Guria,"Friday, March 31, 2017",59.444
Guria,"Sunday, April 30, 2017",61.205
Guria,"Wednesday, May 31, 2017",63.806
Guria,"Friday, June 30, 2017",65.845
Guria,"Monday, July 31, 2017",67.382
Guria,"Thursday, August 31, 2017",68.019
Guria,"Saturday, September 30, 2017",68.859
Guria,"Tuesday, October 31, 2017",70.192
Guria,"Thursday, November 30, 2017",72.244
Guria,"Sunday, December 31, 2017",75.173
Guria,"Wednesday, January 31, 2018",73.139
Guria,"Wednesday, February 28, 2018",75.231
Guria,"Saturday, March 31, 2018",78.407
Guria,"Monday, April 30, 2018",81.007
Guria,"Thursday, May 31, 2018",82.236
Guria,"Saturday, June 30, 2018",83.844
Guria,"Tuesday, July 31, 2018",84.998
Guria,"Friday, August 31, 2018",86.53
Guria,"Sunday, September 30, 2018",87.505
Guria,"Wednesday, October 31, 2018",89.618
Guria,"Friday, November 30, 2018",90.6
Guria,"Monday, December 31, 2018",90.512
Guria,"Thursday, January 31, 2019",89.455
Guria,"Thursday, February 28, 2019",89.326
Guria,"Sunday, March 31, 2019",90.577
Guria,"Tuesday, April 30, 2019",92.226
Guria,"Friday, May 31, 2019",92.315
Guria,"Sunday, June 30, 2019",92.544
Guria,"Wednesday, July 31, 2019",93.698
Guria,"Saturday, August 31, 2019",94.604
Guria,"Monday, September 30, 2019",95.665
Guria,"Thursday, October 31, 2019",96.49
Guria,"Saturday, November 30, 2019",97.977
Guria,"Tuesday, December 31, 2019",99.795
Guria,"Friday, January 31, 2020",101.215
Guria,"Saturday, February 29, 2020",103.592
Guria,"Tuesday, March 31, 2020",107.31
Guria,"Thursday, April 30, 2020",107.415
Guria,"Sunday, May 31, 2020",108.213
Guria,"Tuesday, June 30, 2020",110.536
Guria,"Friday, July 31, 2020",113.614
Guria,"Monday, August 31, 2020",115.895
Guria,"Wednesday, September 30, 2020",117.355
Guria,"Saturday, October 31, 2020",119.327
Guria,"Monday, November 30, 2020",119.914
Guria,"Thursday, December 31, 2020",118.412
Guria,"Sunday, January 31, 2021",119.285
Guria,"Sunday, February 28, 2021",121.94
Guria,"Wednesday, March 31, 2021",124.494
Guria,"Friday, April 30, 2021",127.89
Guria,"Monday, May 31, 2021",131.109
Guria,"Wednesday, June 30, 2021",135.266
Guria,"Saturday, July 31, 2021",139.643
Guria,"Tuesday, August 31, 2021",142.686
Guria,"Thursday, September 30, 2021",143.39
Guria,"Sunday, October 31, 2021",145.825
Guria,"Tuesday, November 30, 2021",148.281
Guria,"Friday, December 31, 2021",151.673
Guria,"Monday, January 31, 2022",149.552
Guria,"Monday, February 28, 2022",153.189
Guria,"Thursday, March 31, 2022",150.963
Guria,"Saturday, April 30, 2022",154.176
Guria,"Tuesday, May 31, 2022",157.891
Guria,"Thursday, June 30, 2022",160.54
Guria,"Sunday, July 31, 2022",163.313
Guria,"Wednesday, August 31, 2022",165.37
Guria,"Friday, September 30, 2022",167.745
Guria,"Monday, October 31, 2022",169.822
Guria,"Wednesday, November 30, 2022",170.689
Guria,"Saturday, December 31, 2022",171.725
Guria,"Tuesday, January 31, 2023",172.566
Guria,"Tuesday, February 28, 2023",175.362
Guria,"Friday, March 31, 2023",179.081
Guria,"Sunday, April 30, 2023",182.683
Guria,"Wednesday, May 31, 2023",185.77
Guria,"Friday, June 30, 2023",188.664
Guria,"Monday, July 31, 2023",190.46
Guria,"Thursday, August 31, 2023",192.556
Guria,"Saturday, September 30, 2023",196.274
Guria,"Tuesday, October 31, 2023",197.095
Guria,"Thursday, November 30, 2023",202.707
Guria,"Sunday, December 31, 2023",205.678
Guria,"Wednesday, January 31, 2024",207.439
Guria,"Thursday, February 29, 2024",211.78
Guria,"Sunday, March 31, 2024",217.026
Guria,"Tuesday, April 30, 2024",220.96
Guria,"Friday, May 31, 2024",224.798
Guria,"Sunday, June 30, 2024",228.466
Guria,"Wednesday, July 31, 2024",232.663
Guria,"Saturday, August 31, 2024",231.721
Guria,"Monday, September 30, 2024",235.198
Guria,"Thursday, October 31, 2024",239.902
Guria,"Saturday, November 30, 2024",243.707
Guria,"Tuesday, December 31, 2024",248.092
Guria,"Friday, January 31, 2025",251.063
Guria,"Friday, February 28, 2025",252.032
Guria,"Monday, March 31, 2025",258.227
Guria,"Wednesday, April 30, 2025",263.736
Guria,"Saturday, May 31, 2025",270.637
Guria,"Monday, June 30, 2025",274.633
Guria,"Thursday, July 31, 2025",278.743
Guria,"Sunday, August 31, 2025",282.118
Guria,"Tuesday, September 30, 2025",287.154
Guria,"Friday, October 31, 2025",291.638
Guria,"Sunday, November 30, 2025",295.976
Guria,"Wednesday, December 31, 2025",299.686
Guria,"Saturday, January 31, 2026",296.341
Guria,"Saturday, February 28, 2026",299.649
Guria,"Tuesday, March 31, 2026",298.928
Imereti,"Monday, November 30, 2015",458.944
Imereti,"Thursday, December 31, 2015",462.686
Imereti,"Sunday, January 31, 2016",457.228
Imereti,"Monday, February 29, 2016",456.485
Imereti,"Thursday, March 31, 2016",460.83
Imereti,"Saturday, April 30, 2016",464.447
Imereti,"Tuesday, May 31, 2016",468.425
Imereti,"Thursday, June 30, 2016",474.587
Imereti,"Sunday, July 31, 2016",482.171
Imereti,"Wednesday, August 31, 2016",480.268
Imereti,"Friday, September 30, 2016",484.602
Imereti,"Monday, October 31, 2016",492.772
Imereti,"Wednesday, November 30, 2016",506.105
Imereti,"Saturday, December 31, 2016",525.259
Imereti,"Tuesday, January 31, 2017",530.855
Imereti,"Tuesday, February 28, 2017",546.808
Imereti,"Friday, March 31, 2017",578.643
Imereti,"Sunday, April 30, 2017",591.967
Imereti,"Wednesday, May 31, 2017",685.039
Imereti,"Friday, June 30, 2017",705.46
Imereti,"Monday, July 31, 2017",722.765
Imereti,"Thursday, August 31, 2017",740.065
Imereti,"Saturday, September 30, 2017",777.02
Imereti,"Tuesday, October 31, 2017",784.171
Imereti,"Thursday, November 30, 2017",804.031
Imereti,"Sunday, December 31, 2017",830.78
Imereti,"Wednesday, January 31, 2018",819.222
Imereti,"Wednesday, February 28, 2018",828.736
Imereti,"Saturday, March 31, 2018",849.299
Imereti,"Monday, April 30, 2018",872.039
Imereti,"Thursday, May 31, 2018",888.567
Imereti,"Saturday, June 30, 2018",921.521
Imereti,"Tuesday, July 31, 2018",874.934
Imereti,"Friday, August 31, 2018",938.885
Imereti,"Sunday, September 30, 2018",953.703
Imereti,"Wednesday, October 31, 2018",967.937
Imereti,"Friday, November 30, 2018",978.662
Imereti,"Monday, December 31, 2018",990.522
Imereti,"Thursday, January 31, 2019",980.831
Imereti,"Thursday, February 28, 2019",980.89
Imereti,"Sunday, March 31, 2019",982.946
Imereti,"Tuesday, April 30, 2019",992.8
Imereti,"Friday, May 31, 2019",1000.383
Imereti,"Sunday, June 30, 2019",1011.898
Imereti,"Wednesday, July 31, 2019",1025.085
Imereti,"Saturday, August 31, 2019",1037.236
Imereti,"Monday, September 30, 2019",1051.792
Imereti,"Thursday, October 31, 2019",1063.545
Imereti,"Saturday, November 30, 2019",1077.121
Imereti,"Tuesday, December 31, 2019",1086.717
Imereti,"Friday, January 31, 2020",1083.526
Imereti,"Saturday, February 29, 2020",1088.232
Imereti,"Tuesday, March 31, 2020",1093.072
Imereti,"Thursday, April 30, 2020",1031.485
Imereti,"Sunday, May 31, 2020",1024.85
Imereti,"Tuesday, June 30, 2020",1056.988
Imereti,"Friday, July 31, 2020",1092.571
Imereti,"Monday, August 31, 2020",1115.86
Imereti,"Wednesday, September 30, 2020",1146.994
Imereti,"Saturday, October 31, 2020",1211.183
Imereti,"Monday, November 30, 2020",1219.892
Imereti,"Thursday, December 31, 2020",1254.544
Imereti,"Sunday, January 31, 2021",1246.605
Imereti,"Sunday, February 28, 2021",1262.445
Imereti,"Wednesday, March 31, 2021",1300.866
Imereti,"Friday, April 30, 2021",1331.972
Imereti,"Monday, May 31, 2021",1352.713
Imereti,"Wednesday, June 30, 2021",1410.165
Imereti,"Saturday, July 31, 2021",1449.037
Imereti,"Tuesday, August 31, 2021",1475.621
Imereti,"Thursday, September 30, 2021",1499.611
Imereti,"Sunday, October 31, 2021",1541.696
Imereti,"Tuesday, November 30, 2021",1567.464
Imereti,"Friday, December 31, 2021",1608.136
Imereti,"Monday, January 31, 2022",1608.508
Imereti,"Monday, February 28, 2022",1634.952
Imereti,"Thursday, March 31, 2022",1624.271
Imereti,"Saturday, April 30, 2022",1667.239
Imereti,"Tuesday, May 31, 2022",1707.017
Imereti,"Thursday, June 30, 2022",1753.872
Imereti,"Sunday, July 31, 2022",1792.4
Imereti,"Wednesday, August 31, 2022",1835.557
Imereti,"Friday, September 30, 2022",1862.484
Imereti,"Monday, October 31, 2022",1900.16
Imereti,"Wednesday, November 30, 2022",1923.145
Imereti,"Saturday, December 31, 2022",1967.121
Imereti,"Tuesday, January 31, 2023",1956.397
Imereti,"Tuesday, February 28, 2023",1959.672
Imereti,"Friday, March 31, 2023",2003.25
Imereti,"Sunday, April 30, 2023",2023.442
Imereti,"Wednesday, May 31, 2023",2046.518
Imereti,"Friday, June 30, 2023",2088.038
Imereti,"Monday, July 31, 2023",2109.685
Imereti,"Thursday, August 31, 2023",2145.673
Imereti,"Saturday, September 30, 2023",2181.375
Imereti,"Tuesday, October 31, 2023",2196.25
Imereti,"Thursday, November 30, 2023",2236.81
Imereti,"Sunday, December 31, 2023",2299.212
Imereti,"Wednesday, January 31, 2024",2289.294
Imereti,"Thursday, February 29, 2024",2335.856
Imereti,"Sunday, March 31, 2024",2376.111
Imereti,"Tuesday, April 30, 2024",2429.55
Imereti,"Friday, May 31, 2024",2443.026
Imereti,"Sunday, June 30, 2024",2510.775
Imereti,"Wednesday, July 31, 2024",2536.334
Imereti,"Saturday, August 31, 2024",2582.068
Imereti,"Monday, September 30, 2024",2647.393
Imereti,"Thursday, October 31, 2024",2690.58
Imereti,"Saturday, November 30, 2024",2745.241
Imereti,"Tuesday, December 31, 2024",2789.142
Imereti,"Friday, January 31, 2025",2747.795
Imereti,"Friday, February 28, 2025",2781.295
Imereti,"Monday, March 31, 2025",2817.445
Imereti,"Wednesday, April 30, 2025",2839.073
Imereti,"Saturday, May 31, 2025",2833.263
Imereti,"Monday, June 30, 2025",2863.777
Imereti,"Thursday, July 31, 2025",2879.641
Imereti,"Sunday, August 31, 2025",2914.558
Imereti,"Tuesday, September 30, 2025",2955.028
Imereti,"Friday, October 31, 2025",3000.604
Imereti,"Sunday, November 30, 2025",3052.419
Imereti,"Wednesday, December 31, 2025",3103.561
Imereti,"Saturday, January 31, 2026",3022.094
Imereti,"Saturday, February 28, 2026",3075.363
Imereti,"Tuesday, March 31, 2026",3059.694
Racha-Lechkhumi and Kvemo Svaneti,"Monday, November 30, 2015",9.846
Racha-Lechkhumi and Kvemo Svaneti,"Thursday, December 31, 2015",9.842
Racha-Lechkhumi and Kvemo Svaneti,"Sunday, January 31, 2016",9.655
Racha-Lechkhumi and Kvemo Svaneti,"Monday, February 29, 2016",9.573
Racha-Lechkhumi and Kvemo Svaneti,"Thursday, March 31, 2016",9.77
Racha-Lechkhumi and Kvemo Svaneti,"Saturday, April 30, 2016",9.987
Racha-Lechkhumi and Kvemo Svaneti,"Tuesday, May 31, 2016",10.066
Racha-Lechkhumi and Kvemo Svaneti,"Thursday, June 30, 2016",10.159
Racha-Lechkhumi and Kvemo Svaneti,"Sunday, July 31, 2016",10.182
Racha-Lechkhumi and Kvemo Svaneti,"Wednesday, August 31, 2016",10.294
Racha-Lechkhumi and Kvemo Svaneti,"Friday, September 30, 2016",10.45
Racha-Lechkhumi and Kvemo Svaneti,"Monday, October 31, 2016",10.51
Racha-Lechkhumi and Kvemo Svaneti,"Wednesday, November 30, 2016",10.604
Racha-Lechkhumi and Kvemo Svaneti,"Saturday, December 31, 2016",10.777
Racha-Lechkhumi and Kvemo Svaneti,"Tuesday, January 31, 2017",10.707
Racha-Lechkhumi and Kvemo Svaneti,"Tuesday, February 28, 2017",10.781
Racha-Lechkhumi and Kvemo Svaneti,"Friday, March 31, 2017",11.109
Racha-Lechkhumi and Kvemo Svaneti,"Sunday, April 30, 2017",11.198
Racha-Lechkhumi and Kvemo Svaneti,"Wednesday, May 31, 2017",11.643
Racha-Lechkhumi and Kvemo Svaneti,"Friday, June 30, 2017",12.105
Racha-Lechkhumi and Kvemo Svaneti,"Monday, July 31, 2017",12.437
Racha-Lechkhumi and Kvemo Svaneti,"Thursday, August 31, 2017",12.568
Racha-Lechkhumi and Kvemo Svaneti,"Saturday, September 30, 2017",12.712
Racha-Lechkhumi and Kvemo Svaneti,"Tuesday, October 31, 2017",12.945
Racha-Lechkhumi and Kvemo Svaneti,"Thursday, November 30, 2017",13.068
Racha-Lechkhumi and Kvemo Svaneti,"Sunday, December 31, 2017",13.353
Racha-Lechkhumi and Kvemo Svaneti,"Wednesday, January 31, 2018",12.734
Racha-Lechkhumi and Kvemo Svaneti,"Wednesday, February 28, 2018",13.157
Racha-Lechkhumi and Kvemo Svaneti,"Saturday, March 31, 2018",13.728
Racha-Lechkhumi and Kvemo Svaneti,"Monday, April 30, 2018",13.999
Racha-Lechkhumi and Kvemo Svaneti,"Thursday, May 31, 2018",14.246
Racha-Lechkhumi and Kvemo Svaneti,"Saturday, June 30, 2018",14.379
Racha-Lechkhumi and Kvemo Svaneti,"Tuesday, July 31, 2018",14.588
Racha-Lechkhumi and Kvemo Svaneti,"Friday, August 31, 2018",14.706
Racha-Lechkhumi and Kvemo Svaneti,"Sunday, September 30, 2018",15.002
Racha-Lechkhumi and Kvemo Svaneti,"Wednesday, October 31, 2018",14.91
Racha-Lechkhumi and Kvemo Svaneti,"Friday, November 30, 2018",14.683
Racha-Lechkhumi and Kvemo Svaneti,"Monday, December 31, 2018",12.467
Racha-Lechkhumi and Kvemo Svaneti,"Thursday, January 31, 2019",11.972
Racha-Lechkhumi and Kvemo Svaneti,"Thursday, February 28, 2019",11.864
Racha-Lechkhumi and Kvemo Svaneti,"Sunday, March 31, 2019",11.861
Racha-Lechkhumi and Kvemo Svaneti,"Tuesday, April 30, 2019",11.904
Racha-Lechkhumi and Kvemo Svaneti,"Friday, May 31, 2019",11.991
Racha-Lechkhumi and Kvemo Svaneti,"Sunday, June 30, 2019",12.045
Racha-Lechkhumi and Kvemo Svaneti,"Wednesday, July 31, 2019",12.16
Racha-Lechkhumi and Kvemo Svaneti,"Saturday, August 31, 2019",12.3
Racha-Lechkhumi and Kvemo Svaneti,"Monday, September 30, 2019",12.298
Racha-Lechkhumi and Kvemo Svaneti,"Thursday, October 31, 2019",12.153
Racha-Lechkhumi and Kvemo Svaneti,"Saturday, November 30, 2019",12.16
Racha-Lechkhumi and Kvemo Svaneti,"Tuesday, December 31, 2019",12.285
Racha-Lechkhumi and Kvemo Svaneti,"Friday, January 31, 2020",12.27
Racha-Lechkhumi and Kvemo Svaneti,"Saturday, February 29, 2020",12.497
Racha-Lechkhumi and Kvemo Svaneti,"Tuesday, March 31, 2020",12.61
Racha-Lechkhumi and Kvemo Svaneti,"Thursday, April 30, 2020",12.555
Racha-Lechkhumi and Kvemo Svaneti,"Sunday, May 31, 2020",12.687
Racha-Lechkhumi and Kvemo Svaneti,"Tuesday, June 30, 2020",13.238
Racha-Lechkhumi and Kvemo Svaneti,"Friday, July 31, 2020",13.652
Racha-Lechkhumi and Kvemo Svaneti,"Monday, August 31, 2020",14.167
Racha-Lechkhumi and Kvemo Svaneti,"Wednesday, September 30, 2020",14.504
Racha-Lechkhumi and Kvemo Svaneti,"Saturday, October 31, 2020",19.942
Racha-Lechkhumi and Kvemo Svaneti,"Monday, November 30, 2020",19.847
Racha-Lechkhumi and Kvemo Svaneti,"Thursday, December 31, 2020",20.484
Racha-Lechkhumi and Kvemo Svaneti,"Sunday, January 31, 2021",20.327
Racha-Lechkhumi and Kvemo Svaneti,"Sunday, February 28, 2021",20.628
Racha-Lechkhumi and Kvemo Svaneti,"Wednesday, March 31, 2021",21.075
Racha-Lechkhumi and Kvemo Svaneti,"Friday, April 30, 2021",21.588
Racha-Lechkhumi and Kvemo Svaneti,"Monday, May 31, 2021",22.284
Racha-Lechkhumi and Kvemo Svaneti,"Wednesday, June 30, 2021",23.816
Racha-Lechkhumi and Kvemo Svaneti,"Saturday, July 31, 2021",24.749
Racha-Lechkhumi and Kvemo Svaneti,"Tuesday, August 31, 2021",25.622
Racha-Lechkhumi and Kvemo Svaneti,"Thursday, September 30, 2021",26.281
Racha-Lechkhumi and Kvemo Svaneti,"Sunday, October 31, 2021",24.867
Racha-Lechkhumi and Kvemo Svaneti,"Tuesday, November 30, 2021",25.069
Racha-Lechkhumi and Kvemo Svaneti,"Friday, December 31, 2021",25.859
Racha-Lechkhumi and Kvemo Svaneti,"Monday, January 31, 2022",26.163
Racha-Lechkhumi and Kvemo Svaneti,"Monday, February 28, 2022",26.678
Racha-Lechkhumi and Kvemo Svaneti,"Thursday, March 31, 2022",27.893
Racha-Lechkhumi and Kvemo Svaneti,"Saturday, April 30, 2022",29.111
Racha-Lechkhumi and Kvemo Svaneti,"Tuesday, May 31, 2022",30.078
Racha-Lechkhumi and Kvemo Svaneti,"Thursday, June 30, 2022",30.606
Racha-Lechkhumi and Kvemo Svaneti,"Sunday, July 31, 2022",31.346
Racha-Lechkhumi and Kvemo Svaneti,"Wednesday, August 31, 2022",32.395
Racha-Lechkhumi and Kvemo Svaneti,"Friday, September 30, 2022",33.612
Racha-Lechkhumi and Kvemo Svaneti,"Monday, October 31, 2022",34.161
Racha-Lechkhumi and Kvemo Svaneti,"Wednesday, November 30, 2022",34.601
Racha-Lechkhumi and Kvemo Svaneti,"Saturday, December 31, 2022",35.222
Racha-Lechkhumi and Kvemo Svaneti,"Tuesday, January 31, 2023",35.296
Racha-Lechkhumi and Kvemo Svaneti,"Tuesday, February 28, 2023",35.943
Racha-Lechkhumi and Kvemo Svaneti,"Friday, March 31, 2023",37.209
Racha-Lechkhumi and Kvemo Svaneti,"Sunday, April 30, 2023",37.763
Racha-Lechkhumi and Kvemo Svaneti,"Wednesday, May 31, 2023",38.792
Racha-Lechkhumi and Kvemo Svaneti,"Friday, June 30, 2023",39.501
Racha-Lechkhumi and Kvemo Svaneti,"Monday, July 31, 2023",40.312
Racha-Lechkhumi and Kvemo Svaneti,"Thursday, August 31, 2023",41.018
Racha-Lechkhumi and Kvemo Svaneti,"Saturday, September 30, 2023",41.467
Racha-Lechkhumi and Kvemo Svaneti,"Tuesday, October 31, 2023",41.682
Racha-Lechkhumi and Kvemo Svaneti,"Thursday, November 30, 2023",41.934
Racha-Lechkhumi and Kvemo Svaneti,"Sunday, December 31, 2023",43.422
Racha-Lechkhumi and Kvemo Svaneti,"Wednesday, January 31, 2024",43.663
Racha-Lechkhumi and Kvemo Svaneti,"Thursday, February 29, 2024",44.548
Racha-Lechkhumi and Kvemo Svaneti,"Sunday, March 31, 2024",45.675
Racha-Lechkhumi and Kvemo Svaneti,"Tuesday, April 30, 2024",47.106
Racha-Lechkhumi and Kvemo Svaneti,"Friday, May 31, 2024",48.161
Racha-Lechkhumi and Kvemo Svaneti,"Sunday, June 30, 2024",49.396
Racha-Lechkhumi and Kvemo Svaneti,"Wednesday, July 31, 2024",50.741
Racha-Lechkhumi and Kvemo Svaneti,"Saturday, August 31, 2024",51.326
Racha-Lechkhumi and Kvemo Svaneti,"Monday, September 30, 2024",52.443
Racha-Lechkhumi and Kvemo Svaneti,"Thursday, October 31, 2024",53.281
Racha-Lechkhumi and Kvemo Svaneti,"Saturday, November 30, 2024",53.547
Racha-Lechkhumi and Kvemo Svaneti,"Tuesday, December 31, 2024",53.983
Racha-Lechkhumi and Kvemo Svaneti,"Friday, January 31, 2025",54.059
Racha-Lechkhumi and Kvemo Svaneti,"Friday, February 28, 2025",51.212
Racha-Lechkhumi and Kvemo Svaneti,"Monday, March 31, 2025",52.405
Racha-Lechkhumi and Kvemo Svaneti,"Wednesday, April 30, 2025",53.372
Racha-Lechkhumi and Kvemo Svaneti,"Saturday, May 31, 2025",54.907
Racha-Lechkhumi and Kvemo Svaneti,"Monday, June 30, 2025",55.946
Racha-Lechkhumi and Kvemo Svaneti,"Thursday, July 31, 2025",56.521
Racha-Lechkhumi and Kvemo Svaneti,"Sunday, August 31, 2025",57.235
Racha-Lechkhumi and Kvemo Svaneti,"Tuesday, September 30, 2025",58.641
Racha-Lechkhumi and Kvemo Svaneti,"Friday, October 31, 2025",59.127
Racha-Lechkhumi and Kvemo Svaneti,"Sunday, November 30, 2025",59.297
Racha-Lechkhumi and Kvemo Svaneti,"Wednesday, December 31, 2025",60.21
Racha-Lechkhumi and Kvemo Svaneti,"Saturday, January 31, 2026",60.185
Racha-Lechkhumi and Kvemo Svaneti,"Saturday, February 28, 2026",61.863
Racha-Lechkhumi and Kvemo Svaneti,"Tuesday, March 31, 2026",61.375
Shida Kartli,"Monday, November 30, 2015",205.333
Shida Kartli,"Thursday, December 31, 2015",210.42
Shida Kartli,"Sunday, January 31, 2016",206.79
Shida Kartli,"Monday, February 29, 2016",207.078
Shida Kartli,"Thursday, March 31, 2016",211.674
Shida Kartli,"Saturday, April 30, 2016",215.198
Shida Kartli,"Tuesday, May 31, 2016",218.716
Shida Kartli,"Thursday, June 30, 2016",223.238
Shida Kartli,"Sunday, July 31, 2016",228.383
Shida Kartli,"Wednesday, August 31, 2016",231.289
Shida Kartli,"Friday, September 30, 2016",235.255
Shida Kartli,"Monday, October 31, 2016",238.047
Shida Kartli,"Wednesday, November 30, 2016",242.128
Shida Kartli,"Saturday, December 31, 2016",249.647
Shida Kartli,"Tuesday, January 31, 2017",250.09
Shida Kartli,"Tuesday, February 28, 2017",257.755
Shida Kartli,"Friday, March 31, 2017",273.095
Shida Kartli,"Sunday, April 30, 2017",282.676
Shida Kartli,"Wednesday, May 31, 2017",292.758
Shida Kartli,"Friday, June 30, 2017",308.116
Shida Kartli,"Monday, July 31, 2017",316.35
Shida Kartli,"Thursday, August 31, 2017",324.074
Shida Kartli,"Saturday, September 30, 2017",330.801
Shida Kartli,"Tuesday, October 31, 2017",339.482
Shida Kartli,"Thursday, November 30, 2017",345.848
Shida Kartli,"Sunday, December 31, 2017",354.305
Shida Kartli,"Wednesday, January 31, 2018",349.572
Shida Kartli,"Wednesday, February 28, 2018",356.734
Shida Kartli,"Saturday, March 31, 2018",371.842
Shida Kartli,"Monday, April 30, 2018",383.395
Shida Kartli,"Thursday, May 31, 2018",390.677
Shida Kartli,"Saturday, June 30, 2018",398.518
Shida Kartli,"Tuesday, July 31, 2018",400.633
Shida Kartli,"Friday, August 31, 2018",407.91
Shida Kartli,"Sunday, September 30, 2018",411.287
Shida Kartli,"Wednesday, October 31, 2018",415.181
Shida Kartli,"Friday, November 30, 2018",416.72
Shida Kartli,"Monday, December 31, 2018",419.771
Shida Kartli,"Thursday, January 31, 2019",412.795
Shida Kartli,"Thursday, February 28, 2019",418.124
Shida Kartli,"Sunday, March 31, 2019",427.753
Shida Kartli,"Tuesday, April 30, 2019",435.748
Shida Kartli,"Friday, May 31, 2019",443.845
Shida Kartli,"Sunday, June 30, 2019",450.946
Shida Kartli,"Wednesday, July 31, 2019",456.474
Shida Kartli,"Saturday, August 31, 2019",460.521
Shida Kartli,"Monday, September 30, 2019",464.325
Shida Kartli,"Thursday, October 31, 2019",468.112
Shida Kartli,"Saturday, November 30, 2019",472.336
Shida Kartli,"Tuesday, December 31, 2019",482.202
Shida Kartli,"Friday, January 31, 2020",483.55
Shida Kartli,"Saturday, February 29, 2020",491.304
Shida Kartli,"Tuesday, March 31, 2020",498.926
Shida Kartli,"Thursday, April 30, 2020",497.812
Shida Kartli,"Sunday, May 31, 2020",501.216
Shida Kartli,"Tuesday, June 30, 2020",508.264
Shida Kartli,"Friday, July 31, 2020",522.143
Shida Kartli,"Monday, August 31, 2020",532.541
Shida Kartli,"Wednesday, September 30, 2020",541.423
Shida Kartli,"Saturday, October 31, 2020",560.583
Shida Kartli,"Monday, November 30, 2020",567.33
Shida Kartli,"Thursday, December 31, 2020",575.641
Shida Kartli,"Sunday, January 31, 2021",575.676
Shida Kartli,"Sunday, February 28, 2021",586.212
Shida Kartli,"Wednesday, March 31, 2021",602.902
Shida Kartli,"Friday, April 30, 2021",616.168
Shida Kartli,"Monday, May 31, 2021",630.882
Shida Kartli,"Wednesday, June 30, 2021",651.104
Shida Kartli,"Saturday, July 31, 2021",670.824
Shida Kartli,"Tuesday, August 31, 2021",682.363
Shida Kartli,"Thursday, September 30, 2021",698.238
Shida Kartli,"Sunday, October 31, 2021",681.277
Shida Kartli,"Tuesday, November 30, 2021",701.492
Shida Kartli,"Friday, December 31, 2021",721.473
Shida Kartli,"Monday, January 31, 2022",724.693
Shida Kartli,"Monday, February 28, 2022",744.226
Shida Kartli,"Thursday, March 31, 2022",729.117
Shida Kartli,"Saturday, April 30, 2022",742.698
Shida Kartli,"Tuesday, May 31, 2022",758.783
Shida Kartli,"Thursday, June 30, 2022",787.724
Shida Kartli,"Sunday, July 31, 2022",809.798
Shida Kartli,"Wednesday, August 31, 2022",831.125
Shida Kartli,"Friday, September 30, 2022",849.266
Shida Kartli,"Monday, October 31, 2022",861.789
Shida Kartli,"Wednesday, November 30, 2022",877.218
Shida Kartli,"Saturday, December 31, 2022",890.655
Shida Kartli,"Tuesday, January 31, 2023",893.502
Shida Kartli,"Tuesday, February 28, 2023",927.496
Shida Kartli,"Friday, March 31, 2023",955.926
Shida Kartli,"Sunday, April 30, 2023",959.762
Shida Kartli,"Wednesday, May 31, 2023",976.808
Shida Kartli,"Friday, June 30, 2023",995.602
Shida Kartli,"Monday, July 31, 2023",1007.586
Shida Kartli,"Thursday, August 31, 2023",1011.916
Shida Kartli,"Saturday, September 30, 2023",1025.038
Shida Kartli,"Tuesday, October 31, 2023",1034.559
Shida Kartli,"Thursday, November 30, 2023",1053.939
Shida Kartli,"Sunday, December 31, 2023",1072.428
Shida Kartli,"Wednesday, January 31, 2024",1074.461
Shida Kartli,"Thursday, February 29, 2024",1080.243
Shida Kartli,"Sunday, March 31, 2024",1101.197
Shida Kartli,"Tuesday, April 30, 2024",1126.961
Shida Kartli,"Friday, May 31, 2024",1133.973
Shida Kartli,"Sunday, June 30, 2024",1146.525
Shida Kartli,"Wednesday, July 31, 2024",1165.426
Shida Kartli,"Saturday, August 31, 2024",1176.57
Shida Kartli,"Monday, September 30, 2024",1193.25
Shida Kartli,"Thursday, October 31, 2024",1203.764
Shida Kartli,"Saturday, November 30, 2024",1213.978
Shida Kartli,"Tuesday, December 31, 2024",1230.493
Shida Kartli,"Friday, January 31, 2025",1234.261
Shida Kartli,"Friday, February 28, 2025",1242.365
Shida Kartli,"Monday, March 31, 2025",1264.489
Shida Kartli,"Wednesday, April 30, 2025",1282.68
Shida Kartli,"Saturday, May 31, 2025",1323.848
Shida Kartli,"Monday, June 30, 2025",1334.71
Shida Kartli,"Thursday, July 31, 2025",1336.563
Shida Kartli,"Sunday, August 31, 2025",1346.885
Shida Kartli,"Tuesday, September 30, 2025",1365.04
Shida Kartli,"Friday, October 31, 2025",1371.823
Shida Kartli,"Sunday, November 30, 2025",1394.87
Shida Kartli,"Wednesday, December 31, 2025",1416.35
Shida Kartli,"Saturday, January 31, 2026",1340.256
Shida Kartli,"Saturday, February 28, 2026",1364.18
Shida Kartli,"Tuesday, March 31, 2026",1371.82
Mtskheta-Mtianeti,"Monday, November 30, 2015",23.804
Mtskheta-Mtianeti,"Thursday, December 31, 2015",24.018
Mtskheta-Mtianeti,"Sunday, January 31, 2016",23.695
Mtskheta-Mtianeti,"Monday, February 29, 2016",23.972
Mtskheta-Mtianeti,"Thursday, March 31, 2016",24.491
Mtskheta-Mtianeti,"Saturday, April 30, 2016",24.491
Mtskheta-Mtianeti,"Tuesday, May 31, 2016",24.769
Mtskheta-Mtianeti,"Thursday, June 30, 2016",25.462
Mtskheta-Mtianeti,"Sunday, July 31, 2016",25.785
Mtskheta-Mtianeti,"Wednesday, August 31, 2016",25.831
Mtskheta-Mtianeti,"Friday, September 30, 2016",26.279
Mtskheta-Mtianeti,"Monday, October 31, 2016",25.69
Mtskheta-Mtianeti,"Wednesday, November 30, 2016",25.677
Mtskheta-Mtianeti,"Saturday, December 31, 2016",25.998
Mtskheta-Mtianeti,"Tuesday, January 31, 2017",26.564
Mtskheta-Mtianeti,"Tuesday, February 28, 2017",27.103
Mtskheta-Mtianeti,"Friday, March 31, 2017",28.735
Mtskheta-Mtianeti,"Sunday, April 30, 2017",29.64
Mtskheta-Mtianeti,"Wednesday, May 31, 2017",31.089
Mtskheta-Mtianeti,"Friday, June 30, 2017",32.747
Mtskheta-Mtianeti,"Monday, July 31, 2017",33.923
Mtskheta-Mtianeti,"Thursday, August 31, 2017",35.133
Mtskheta-Mtianeti,"Saturday, September 30, 2017",36.217
Mtskheta-Mtianeti,"Tuesday, October 31, 2017",37.348
Mtskheta-Mtianeti,"Thursday, November 30, 2017",37.907
Mtskheta-Mtianeti,"Sunday, December 31, 2017",38.906
Mtskheta-Mtianeti,"Wednesday, January 31, 2018",37.508
Mtskheta-Mtianeti,"Wednesday, February 28, 2018",38.343
Mtskheta-Mtianeti,"Saturday, March 31, 2018",39.499
Mtskheta-Mtianeti,"Monday, April 30, 2018",40.209
Mtskheta-Mtianeti,"Thursday, May 31, 2018",40.708
Mtskheta-Mtianeti,"Saturday, June 30, 2018",40.916
Mtskheta-Mtianeti,"Tuesday, July 31, 2018",41.561
Mtskheta-Mtianeti,"Friday, August 31, 2018",41.795
Mtskheta-Mtianeti,"Sunday, September 30, 2018",42.42
Mtskheta-Mtianeti,"Wednesday, October 31, 2018",43.248
Mtskheta-Mtianeti,"Friday, November 30, 2018",43.782
Mtskheta-Mtianeti,"Monday, December 31, 2018",43.686
Mtskheta-Mtianeti,"Thursday, January 31, 2019",36.361
Mtskheta-Mtianeti,"Thursday, February 28, 2019",36.35
Mtskheta-Mtianeti,"Sunday, March 31, 2019",36.838
Mtskheta-Mtianeti,"Tuesday, April 30, 2019",37.313
Mtskheta-Mtianeti,"Friday, May 31, 2019",37.462
Mtskheta-Mtianeti,"Sunday, June 30, 2019",38.07
Mtskheta-Mtianeti,"Wednesday, July 31, 2019",38.466
Mtskheta-Mtianeti,"Saturday, August 31, 2019",38.947
Mtskheta-Mtianeti,"Monday, September 30, 2019",39.503
Mtskheta-Mtianeti,"Thursday, October 31, 2019",40.075
Mtskheta-Mtianeti,"Saturday, November 30, 2019",40.613
Mtskheta-Mtianeti,"Tuesday, December 31, 2019",41.851
Mtskheta-Mtianeti,"Friday, January 31, 2020",42.412
Mtskheta-Mtianeti,"Saturday, February 29, 2020",43.567
Mtskheta-Mtianeti,"Tuesday, March 31, 2020",43.793
Mtskheta-Mtianeti,"Thursday, April 30, 2020",43.77
Mtskheta-Mtianeti,"Sunday, May 31, 2020",44.343
Mtskheta-Mtianeti,"Tuesday, June 30, 2020",45.449
Mtskheta-Mtianeti,"Friday, July 31, 2020",45.838
Mtskheta-Mtianeti,"Monday, August 31, 2020",46.915
Mtskheta-Mtianeti,"Wednesday, September 30, 2020",48.002
Mtskheta-Mtianeti,"Saturday, October 31, 2020",50.33
Mtskheta-Mtianeti,"Monday, November 30, 2020",50.451
Mtskheta-Mtianeti,"Thursday, December 31, 2020",51.991
Mtskheta-Mtianeti,"Sunday, January 31, 2021",51.866
Mtskheta-Mtianeti,"Sunday, February 28, 2021",52.773
Mtskheta-Mtianeti,"Wednesday, March 31, 2021",54.186
Mtskheta-Mtianeti,"Friday, April 30, 2021",55.417
Mtskheta-Mtianeti,"Monday, May 31, 2021",57.007
Mtskheta-Mtianeti,"Wednesday, June 30, 2021",58.67
Mtskheta-Mtianeti,"Saturday, July 31, 2021",60.781
Mtskheta-Mtianeti,"Tuesday, August 31, 2021",60.945
Mtskheta-Mtianeti,"Thursday, September 30, 2021",62.402
Mtskheta-Mtianeti,"Sunday, October 31, 2021",64.315
Mtskheta-Mtianeti,"Tuesday, November 30, 2021",65.663
Mtskheta-Mtianeti,"Friday, December 31, 2021",67.708
Mtskheta-Mtianeti,"Monday, January 31, 2022",68.177
Mtskheta-Mtianeti,"Monday, February 28, 2022",69.284
Mtskheta-Mtianeti,"Thursday, March 31, 2022",70.977
Mtskheta-Mtianeti,"Saturday, April 30, 2022",72.97
Mtskheta-Mtianeti,"Tuesday, May 31, 2022",74.752
Mtskheta-Mtianeti,"Thursday, June 30, 2022",77.226
Mtskheta-Mtianeti,"Sunday, July 31, 2022",78.722
Mtskheta-Mtianeti,"Wednesday, August 31, 2022",80.674
Mtskheta-Mtianeti,"Friday, September 30, 2022",82.22
Mtskheta-Mtianeti,"Monday, October 31, 2022",79.613
Mtskheta-Mtianeti,"Wednesday, November 30, 2022",81.115
Mtskheta-Mtianeti,"Saturday, December 31, 2022",83.53
Mtskheta-Mtianeti,"Tuesday, January 31, 2023",84.333
Mtskheta-Mtianeti,"Tuesday, February 28, 2023",87.911
Mtskheta-Mtianeti,"Friday, March 31, 2023",86.326
Mtskheta-Mtianeti,"Sunday, April 30, 2023",89.183
Mtskheta-Mtianeti,"Wednesday, May 31, 2023",93.366
Mtskheta-Mtianeti,"Friday, June 30, 2023",95.405
Mtskheta-Mtianeti,"Monday, July 31, 2023",98.637
Mtskheta-Mtianeti,"Thursday, August 31, 2023",101.002
Mtskheta-Mtianeti,"Saturday, September 30, 2023",104.401
Mtskheta-Mtianeti,"Tuesday, October 31, 2023",108.231
Mtskheta-Mtianeti,"Thursday, November 30, 2023",111.508
Mtskheta-Mtianeti,"Sunday, December 31, 2023",115.512
Mtskheta-Mtianeti,"Wednesday, January 31, 2024",119.582
Mtskheta-Mtianeti,"Thursday, February 29, 2024",122.055
Mtskheta-Mtianeti,"Sunday, March 31, 2024",125.135
Mtskheta-Mtianeti,"Tuesday, April 30, 2024",131.054
Mtskheta-Mtianeti,"Friday, May 31, 2024",134.267
Mtskheta-Mtianeti,"Sunday, June 30, 2024",137.894
Mtskheta-Mtianeti,"Wednesday, July 31, 2024",141.295
Mtskheta-Mtianeti,"Saturday, August 31, 2024",145.649
Mtskheta-Mtianeti,"Monday, September 30, 2024",148.587
Mtskheta-Mtianeti,"Thursday, October 31, 2024",151.586
Mtskheta-Mtianeti,"Saturday, November 30, 2024",155.879
Mtskheta-Mtianeti,"Tuesday, December 31, 2024",159.926
Mtskheta-Mtianeti,"Friday, January 31, 2025",162.349
Mtskheta-Mtianeti,"Friday, February 28, 2025",164.042
Mtskheta-Mtianeti,"Monday, March 31, 2025",167.95
Mtskheta-Mtianeti,"Wednesday, April 30, 2025",171.876
Mtskheta-Mtianeti,"Saturday, May 31, 2025",175.036
Mtskheta-Mtianeti,"Monday, June 30, 2025",178.652
Mtskheta-Mtianeti,"Thursday, July 31, 2025",182.962
Mtskheta-Mtianeti,"Sunday, August 31, 2025",188.23
Mtskheta-Mtianeti,"Tuesday, September 30, 2025",190.864
Mtskheta-Mtianeti,"Friday, October 31, 2025",195.386
Mtskheta-Mtianeti,"Sunday, November 30, 2025",198.472
Mtskheta-Mtianeti,"Wednesday, December 31, 2025",201.937
Mtskheta-Mtianeti,"Saturday, January 31, 2026",203.018
Mtskheta-Mtianeti,"Saturday, February 28, 2026",179.695
Mtskheta-Mtianeti,"Tuesday, March 31, 2026",180.104
Kakheti,"Monday, November 30, 2015",334.897
Kakheti,"Thursday, December 31, 2015",334.579
Kakheti,"Sunday, January 31, 2016",333.822
Kakheti,"Monday, February 29, 2016",337.856
Kakheti,"Thursday, March 31, 2016",343.14
Kakheti,"Saturday, April 30, 2016",346.216
Kakheti,"Tuesday, May 31, 2016",344.032
Kakheti,"Thursday, June 30, 2016",346.093
Kakheti,"Sunday, July 31, 2016",345.182
Kakheti,"Wednesday, August 31, 2016",343.111
Kakheti,"Friday, September 30, 2016",345.455
Kakheti,"Monday, October 31, 2016",344.378
Kakheti,"Wednesday, November 30, 2016",345.179
Kakheti,"Saturday, December 31, 2016",353.452
Kakheti,"Tuesday, January 31, 2017",357.207
Kakheti,"Tuesday, February 28, 2017",372.136
Kakheti,"Friday, March 31, 2017",392.01
Kakheti,"Sunday, April 30, 2017",398.111
Kakheti,"Wednesday, May 31, 2017",462.431
Kakheti,"Friday, June 30, 2017",470.134
Kakheti,"Monday, July 31, 2017",474.078
Kakheti,"Thursday, August 31, 2017",476.734
Kakheti,"Saturday, September 30, 2017",482.467
Kakheti,"Tuesday, October 31, 2017",484.786
Kakheti,"Thursday, November 30, 2017",488.814
Kakheti,"Sunday, December 31, 2017",506.884
Kakheti,"Wednesday, January 31, 2018",507.948
Kakheti,"Wednesday, February 28, 2018",524.165
Kakheti,"Saturday, March 31, 2018",545.774
Kakheti,"Monday, April 30, 2018",560.255
Kakheti,"Thursday, May 31, 2018",574.109
Kakheti,"Saturday, June 30, 2018",582.63
Kakheti,"Tuesday, July 31, 2018",581.158
Kakheti,"Friday, August 31, 2018",596.608
Kakheti,"Sunday, September 30, 2018",593.565
Kakheti,"Wednesday, October 31, 2018",599.525
Kakheti,"Friday, November 30, 2018",599.831
Kakheti,"Monday, December 31, 2018",623.276
Kakheti,"Thursday, January 31, 2019",628.018
Kakheti,"Thursday, February 28, 2019",646.237
Kakheti,"Sunday, March 31, 2019",663.004
Kakheti,"Tuesday, April 30, 2019",677.297
Kakheti,"Friday, May 31, 2019",691.544
Kakheti,"Sunday, June 30, 2019",707.201
Kakheti,"Wednesday, July 31, 2019",709.532
Kakheti,"Saturday, August 31, 2019",721.114
Kakheti,"Monday, September 30, 2019",728.468
Kakheti,"Thursday, October 31, 2019",728.209
Kakheti,"Saturday, November 30, 2019",735.558
Kakheti,"Tuesday, December 31, 2019",759.647
Kakheti,"Friday, January 31, 2020",778.831
Kakheti,"Saturday, February 29, 2020",800.154
Kakheti,"Tuesday, March 31, 2020",817.583
Kakheti,"Thursday, April 30, 2020",818.426
Kakheti,"Sunday, May 31, 2020",829.691
Kakheti,"Tuesday, June 30, 2020",851.171
Kakheti,"Friday, July 31, 2020",866.271
Kakheti,"Monday, August 31, 2020",880.491
Kakheti,"Wednesday, September 30, 2020",909.336
Kakheti,"Saturday, October 31, 2020",984.969
Kakheti,"Monday, November 30, 2020",982.515
Kakheti,"Thursday, December 31, 2020",997.518
Kakheti,"Sunday, January 31, 2021",1002.311
Kakheti,"Sunday, February 28, 2021",1030.434
Kakheti,"Wednesday, March 31, 2021",1062.653
Kakheti,"Friday, April 30, 2021",1087.652
Kakheti,"Monday, May 31, 2021",1114.484
Kakheti,"Wednesday, June 30, 2021",1143.926
Kakheti,"Saturday, July 31, 2021",1156.573
Kakheti,"Tuesday, August 31, 2021",1177.655
Kakheti,"Thursday, September 30, 2021",1197.931
Kakheti,"Sunday, October 31, 2021",1209.29
Kakheti,"Tuesday, November 30, 2021",1210.2
Kakheti,"Friday, December 31, 2021",1245.708
Kakheti,"Monday, January 31, 2022",1256.98
Kakheti,"Monday, February 28, 2022",1292.193
Kakheti,"Thursday, March 31, 2022",1285.004
Kakheti,"Saturday, April 30, 2022",1329.526
Kakheti,"Tuesday, May 31, 2022",1363.018
Kakheti,"Thursday, June 30, 2022",1395.514
Kakheti,"Sunday, July 31, 2022",1414.693
Kakheti,"Wednesday, August 31, 2022",1439.144
Kakheti,"Friday, September 30, 2022",1474.788
Kakheti,"Monday, October 31, 2022",1486.275
Kakheti,"Wednesday, November 30, 2022",1466.633
Kakheti,"Saturday, December 31, 2022",1474.399
Kakheti,"Tuesday, January 31, 2023",1479.356
Kakheti,"Tuesday, February 28, 2023",1522.236
Kakheti,"Friday, March 31, 2023",1553.681
Kakheti,"Sunday, April 30, 2023",1571.421
Kakheti,"Wednesday, May 31, 2023",1597.102
Kakheti,"Friday, June 30, 2023",1617.164
Kakheti,"Monday, July 31, 2023",1620.158
Kakheti,"Thursday, August 31, 2023",1625.319
Kakheti,"Saturday, September 30, 2023",1645.608
Kakheti,"Tuesday, October 31, 2023",1653.612
Kakheti,"Thursday, November 30, 2023",1625.958
Kakheti,"Sunday, December 31, 2023",1638.455
Kakheti,"Wednesday, January 31, 2024",1641.191
Kakheti,"Thursday, February 29, 2024",1670.555
Kakheti,"Sunday, March 31, 2024",1695.47
Kakheti,"Tuesday, April 30, 2024",1730.621
Kakheti,"Friday, May 31, 2024",1749.075
Kakheti,"Sunday, June 30, 2024",1763.616
Kakheti,"Wednesday, July 31, 2024",1771.954
Kakheti,"Saturday, August 31, 2024",1785.859
Kakheti,"Monday, September 30, 2024",1802.475
Kakheti,"Thursday, October 31, 2024",1790.588
Kakheti,"Saturday, November 30, 2024",1769.803
Kakheti,"Tuesday, December 31, 2024",1756.324
Kakheti,"Friday, January 31, 2025",1768.027
Kakheti,"Friday, February 28, 2025",1793.977
Kakheti,"Monday, March 31, 2025",1822.7
Kakheti,"Wednesday, April 30, 2025",1844.456
Kakheti,"Saturday, May 31, 2025",1887.912
Kakheti,"Monday, June 30, 2025",1908.724
Kakheti,"Thursday, July 31, 2025",1914.645
Kakheti,"Sunday, August 31, 2025",1922.729
Kakheti,"Tuesday, September 30, 2025",1933.043
Kakheti,"Friday, October 31, 2025",1915.813
Kakheti,"Sunday, November 30, 2025",1896.779
Kakheti,"Wednesday, December 31, 2025",1906.383
Kakheti,"Saturday, January 31, 2026",1853.846
Kakheti,"Saturday, February 28, 2026",1884.26
Kakheti,"Tuesday, March 31, 2026",1910.146
Kvemo Kartli,"Monday, November 30, 2015",264.301
Kvemo Kartli,"Thursday, December 31, 2015",267.915
Kvemo Kartli,"Sunday, January 31, 2016",266.763
Kvemo Kartli,"Monday, February 29, 2016",270.631
Kvemo Kartli,"Thursday, March 31, 2016",275.018
Kvemo Kartli,"Saturday, April 30, 2016",278.402
Kvemo Kartli,"Tuesday, May 31, 2016",278.564
Kvemo Kartli,"Thursday, June 30, 2016",281.456
Kvemo Kartli,"Sunday, July 31, 2016",282.049
Kvemo Kartli,"Wednesday, August 31, 2016",283.745
Kvemo Kartli,"Friday, September 30, 2016",287.614
Kvemo Kartli,"Monday, October 31, 2016",291.792
Kvemo Kartli,"Wednesday, November 30, 2016",299.809
Kvemo Kartli,"Saturday, December 31, 2016",309.743
Kvemo Kartli,"Tuesday, January 31, 2017",315.294
Kvemo Kartli,"Tuesday, February 28, 2017",325.649
Kvemo Kartli,"Friday, March 31, 2017",342.62
Kvemo Kartli,"Sunday, April 30, 2017",351.897
Kvemo Kartli,"Wednesday, May 31, 2017",393.073
Kvemo Kartli,"Friday, June 30, 2017",403.662
Kvemo Kartli,"Monday, July 31, 2017",409.372
Kvemo Kartli,"Thursday, August 31, 2017",418.439
Kvemo Kartli,"Saturday, September 30, 2017",428.983
Kvemo Kartli,"Tuesday, October 31, 2017",439.346
Kvemo Kartli,"Thursday, November 30, 2017",447.287
Kvemo Kartli,"Sunday, December 31, 2017",461.585
Kvemo Kartli,"Wednesday, January 31, 2018",456.908
Kvemo Kartli,"Wednesday, February 28, 2018",464.585
Kvemo Kartli,"Saturday, March 31, 2018",481.919
Kvemo Kartli,"Monday, April 30, 2018",495.779
Kvemo Kartli,"Thursday, May 31, 2018",499.244
Kvemo Kartli,"Saturday, June 30, 2018",501.247
Kvemo Kartli,"Tuesday, July 31, 2018",505.823
Kvemo Kartli,"Friday, August 31, 2018",523.483
Kvemo Kartli,"Sunday, September 30, 2018",534.968
Kvemo Kartli,"Wednesday, October 31, 2018",539.388
Kvemo Kartli,"Friday, November 30, 2018",548.484
Kvemo Kartli,"Monday, December 31, 2018",513.251
Kvemo Kartli,"Thursday, January 31, 2019",506.953
Kvemo Kartli,"Thursday, February 28, 2019",503.003
Kvemo Kartli,"Sunday, March 31, 2019",511.336
Kvemo Kartli,"Tuesday, April 30, 2019",523.855
Kvemo Kartli,"Friday, May 31, 2019",533.114
Kvemo Kartli,"Sunday, June 30, 2019",546.167
Kvemo Kartli,"Wednesday, July 31, 2019",549.008
Kvemo Kartli,"Saturday, August 31, 2019",553.286
Kvemo Kartli,"Monday, September 30, 2019",562.546
Kvemo Kartli,"Thursday, October 31, 2019",569.31
Kvemo Kartli,"Saturday, November 30, 2019",582.481
Kvemo Kartli,"Tuesday, December 31, 2019",600.675
Kvemo Kartli,"Friday, January 31, 2020",607.026
Kvemo Kartli,"Saturday, February 29, 2020",620.2
Kvemo Kartli,"Tuesday, March 31, 2020",623.679
Kvemo Kartli,"Thursday, April 30, 2020",619.533
Kvemo Kartli,"Sunday, May 31, 2020",619.081
Kvemo Kartli,"Tuesday, June 30, 2020",628.086
Kvemo Kartli,"Friday, July 31, 2020",633.883
Kvemo Kartli,"Monday, August 31, 2020",642.012
Kvemo Kartli,"Wednesday, September 30, 2020",663.238
Kvemo Kartli,"Saturday, October 31, 2020",757.487
Kvemo Kartli,"Monday, November 30, 2020",766.393
Kvemo Kartli,"Thursday, December 31, 2020",783.394
Kvemo Kartli,"Sunday, January 31, 2021",779.399
Kvemo Kartli,"Sunday, February 28, 2021",790.275
Kvemo Kartli,"Wednesday, March 31, 2021",801.021
Kvemo Kartli,"Friday, April 30, 2021",820.264
Kvemo Kartli,"Monday, May 31, 2021",848.752
Kvemo Kartli,"Wednesday, June 30, 2021",872.796
Kvemo Kartli,"Saturday, July 31, 2021",902.033
Kvemo Kartli,"Tuesday, August 31, 2021",917.21
Kvemo Kartli,"Thursday, September 30, 2021",938.934
Kvemo Kartli,"Sunday, October 31, 2021",960.993
Kvemo Kartli,"Tuesday, November 30, 2021",970.941
Kvemo Kartli,"Friday, December 31, 2021",991.547
Kvemo Kartli,"Monday, January 31, 2022",1002.889
Kvemo Kartli,"Monday, February 28, 2022",1020.192
Kvemo Kartli,"Thursday, March 31, 2022",1006.064
Kvemo Kartli,"Saturday, April 30, 2022",1026.178
Kvemo Kartli,"Tuesday, May 31, 2022",1048.188
Kvemo Kartli,"Thursday, June 30, 2022",1072.426
Kvemo Kartli,"Sunday, July 31, 2022",1084.522
Kvemo Kartli,"Wednesday, August 31, 2022",1104.598
Kvemo Kartli,"Friday, September 30, 2022",1116.667
Kvemo Kartli,"Monday, October 31, 2022",1131.546
Kvemo Kartli,"Wednesday, November 30, 2022",1145.605
Kvemo Kartli,"Saturday, December 31, 2022",1168.425
Kvemo Kartli,"Tuesday, January 31, 2023",1176.468
Kvemo Kartli,"Tuesday, February 28, 2023",1193.076
Kvemo Kartli,"Friday, March 31, 2023",1212.583
Kvemo Kartli,"Sunday, April 30, 2023",1229.206
Kvemo Kartli,"Wednesday, May 31, 2023",1249.077
Kvemo Kartli,"Friday, June 30, 2023",1254.211
Kvemo Kartli,"Monday, July 31, 2023",1266.954
Kvemo Kartli,"Thursday, August 31, 2023",1272.491
Kvemo Kartli,"Saturday, September 30, 2023",1291.303
Kvemo Kartli,"Tuesday, October 31, 2023",1306.711
Kvemo Kartli,"Thursday, November 30, 2023",1324.119
Kvemo Kartli,"Sunday, December 31, 2023",1353.354
Kvemo Kartli,"Wednesday, January 31, 2024",1360.375
Kvemo Kartli,"Thursday, February 29, 2024",1379.583
Kvemo Kartli,"Sunday, March 31, 2024",1405.093
Kvemo Kartli,"Tuesday, April 30, 2024",1437.787
Kvemo Kartli,"Friday, May 31, 2024",1461.327
Kvemo Kartli,"Sunday, June 30, 2024",1485.258
Kvemo Kartli,"Wednesday, July 31, 2024",1502.375
Kvemo Kartli,"Saturday, August 31, 2024",1518.561
Kvemo Kartli,"Monday, September 30, 2024",1540.581
Kvemo Kartli,"Thursday, October 31, 2024",1575.954
Kvemo Kartli,"Saturday, November 30, 2024",1601.892
Kvemo Kartli,"Tuesday, December 31, 2024",1637.659
Kvemo Kartli,"Friday, January 31, 2025",1651.265
Kvemo Kartli,"Friday, February 28, 2025",1672.256
Kvemo Kartli,"Monday, March 31, 2025",1701.92
Kvemo Kartli,"Wednesday, April 30, 2025",1727.311
Kvemo Kartli,"Saturday, May 31, 2025",1772.233
Kvemo Kartli,"Monday, June 30, 2025",1792.343
Kvemo Kartli,"Thursday, July 31, 2025",1795.252
Kvemo Kartli,"Sunday, August 31, 2025",1810.785
Kvemo Kartli,"Tuesday, September 30, 2025",1840.094
Kvemo Kartli,"Friday, October 31, 2025",1867.372
Kvemo Kartli,"Sunday, November 30, 2025",1888.797
Kvemo Kartli,"Wednesday, December 31, 2025",1917.411
Kvemo Kartli,"Saturday, January 31, 2026",1867.969
Kvemo Kartli,"Saturday, February 28, 2026",1897.842
Kvemo Kartli,"Tuesday, March 31, 2026",1909.169
Samtskhe-Javakheti,"Monday, November 30, 2015",100.345
Samtskhe-Javakheti,"Thursday, December 31, 2015",101.963
Samtskhe-Javakheti,"Sunday, January 31, 2016",100.04
Samtskhe-Javakheti,"Monday, February 29, 2016",101.783
Samtskhe-Javakheti,"Thursday, March 31, 2016",104.536
Samtskhe-Javakheti,"Saturday, April 30, 2016",106.992
Samtskhe-Javakheti,"Tuesday, May 31, 2016",108.076
Samtskhe-Javakheti,"Thursday, June 30, 2016",109.648
Samtskhe-Javakheti,"Sunday, July 31, 2016",110.258
Samtskhe-Javakheti,"Wednesday, August 31, 2016",112.019
Samtskhe-Javakheti,"Friday, September 30, 2016",112.651
Samtskhe-Javakheti,"Monday, October 31, 2016",113.044
Samtskhe-Javakheti,"Wednesday, November 30, 2016",113.971
Samtskhe-Javakheti,"Saturday, December 31, 2016",116.44
Samtskhe-Javakheti,"Tuesday, January 31, 2017",116.588
Samtskhe-Javakheti,"Tuesday, February 28, 2017",119.143
Samtskhe-Javakheti,"Friday, March 31, 2017",124.748
Samtskhe-Javakheti,"Sunday, April 30, 2017",128.309
Samtskhe-Javakheti,"Wednesday, May 31, 2017",182.022
Samtskhe-Javakheti,"Friday, June 30, 2017",187.679
Samtskhe-Javakheti,"Monday, July 31, 2017",192.251
Samtskhe-Javakheti,"Thursday, August 31, 2017",196.503
Samtskhe-Javakheti,"Saturday, September 30, 2017",199.125
Samtskhe-Javakheti,"Tuesday, October 31, 2017",202.584
Samtskhe-Javakheti,"Thursday, November 30, 2017",206.453
Samtskhe-Javakheti,"Sunday, December 31, 2017",215.986
Samtskhe-Javakheti,"Wednesday, January 31, 2018",215.339
Samtskhe-Javakheti,"Wednesday, February 28, 2018",220.188
Samtskhe-Javakheti,"Saturday, March 31, 2018",237.357
Samtskhe-Javakheti,"Monday, April 30, 2018",247.588
Samtskhe-Javakheti,"Thursday, May 31, 2018",256.518
Samtskhe-Javakheti,"Saturday, June 30, 2018",262.527
Samtskhe-Javakheti,"Tuesday, July 31, 2018",267.139
Samtskhe-Javakheti,"Friday, August 31, 2018",270.139
Samtskhe-Javakheti,"Sunday, September 30, 2018",277.99
Samtskhe-Javakheti,"Wednesday, October 31, 2018",285.45
Samtskhe-Javakheti,"Friday, November 30, 2018",285.383
Samtskhe-Javakheti,"Monday, December 31, 2018",291.468
Samtskhe-Javakheti,"Thursday, January 31, 2019",287.807
Samtskhe-Javakheti,"Thursday, February 28, 2019",289.699
Samtskhe-Javakheti,"Sunday, March 31, 2019",290.239
Samtskhe-Javakheti,"Tuesday, April 30, 2019",296.878
Samtskhe-Javakheti,"Friday, May 31, 2019",305.383
Samtskhe-Javakheti,"Sunday, June 30, 2019",311.114
Samtskhe-Javakheti,"Wednesday, July 31, 2019",317.952
Samtskhe-Javakheti,"Saturday, August 31, 2019",321.723
Samtskhe-Javakheti,"Monday, September 30, 2019",325.691
Samtskhe-Javakheti,"Thursday, October 31, 2019",328.01
Samtskhe-Javakheti,"Saturday, November 30, 2019",331.687
Samtskhe-Javakheti,"Tuesday, December 31, 2019",339.484
Samtskhe-Javakheti,"Friday, January 31, 2020",340.83
Samtskhe-Javakheti,"Saturday, February 29, 2020",345.245
Samtskhe-Javakheti,"Tuesday, March 31, 2020",349.28
Samtskhe-Javakheti,"Thursday, April 30, 2020",346.814
Samtskhe-Javakheti,"Sunday, May 31, 2020",351.26
Samtskhe-Javakheti,"Tuesday, June 30, 2020",363.532
Samtskhe-Javakheti,"Friday, July 31, 2020",374.232
Samtskhe-Javakheti,"Monday, August 31, 2020",382.057
Samtskhe-Javakheti,"Wednesday, September 30, 2020",387.396
Samtskhe-Javakheti,"Saturday, October 31, 2020",387.793
Samtskhe-Javakheti,"Monday, November 30, 2020",387.137
Samtskhe-Javakheti,"Thursday, December 31, 2020",393.758
Samtskhe-Javakheti,"Sunday, January 31, 2021",391.269
Samtskhe-Javakheti,"Sunday, February 28, 2021",400.058
Samtskhe-Javakheti,"Wednesday, March 31, 2021",410.265
Samtskhe-Javakheti,"Friday, April 30, 2021",423.313
Samtskhe-Javakheti,"Monday, May 31, 2021",434.332
Samtskhe-Javakheti,"Wednesday, June 30, 2021",446.903
Samtskhe-Javakheti,"Saturday, July 31, 2021",456.286
Samtskhe-Javakheti,"Tuesday, August 31, 2021",460.801
Samtskhe-Javakheti,"Thursday, September 30, 2021",464.927
Samtskhe-Javakheti,"Sunday, October 31, 2021",494.276
Samtskhe-Javakheti,"Tuesday, November 30, 2021",495.992
Samtskhe-Javakheti,"Friday, December 31, 2021",507.139
Samtskhe-Javakheti,"Monday, January 31, 2022",504.237
Samtskhe-Javakheti,"Monday, February 28, 2022",509.43
Samtskhe-Javakheti,"Thursday, March 31, 2022",515.133
Samtskhe-Javakheti,"Saturday, April 30, 2022",531.219
Samtskhe-Javakheti,"Tuesday, May 31, 2022",547.426
Samtskhe-Javakheti,"Thursday, June 30, 2022",553.118
Samtskhe-Javakheti,"Sunday, July 31, 2022",564.028
Samtskhe-Javakheti,"Wednesday, August 31, 2022",575.883
Samtskhe-Javakheti,"Friday, September 30, 2022",580.337
Samtskhe-Javakheti,"Monday, October 31, 2022",580.055
Samtskhe-Javakheti,"Wednesday, November 30, 2022",584.326
Samtskhe-Javakheti,"Saturday, December 31, 2022",596.892
Samtskhe-Javakheti,"Tuesday, January 31, 2023",594.184
Samtskhe-Javakheti,"Tuesday, February 28, 2023",600.209
Samtskhe-Javakheti,"Friday, March 31, 2023",613.221
Samtskhe-Javakheti,"Sunday, April 30, 2023",625.462
Samtskhe-Javakheti,"Wednesday, May 31, 2023",642.392
Samtskhe-Javakheti,"Friday, June 30, 2023",656.007
Samtskhe-Javakheti,"Monday, July 31, 2023",664.122
Samtskhe-Javakheti,"Thursday, August 31, 2023",672.501
Samtskhe-Javakheti,"Saturday, September 30, 2023",677.686
Samtskhe-Javakheti,"Tuesday, October 31, 2023",682.247
Samtskhe-Javakheti,"Thursday, November 30, 2023",689.451
Samtskhe-Javakheti,"Sunday, December 31, 2023",703.439
Samtskhe-Javakheti,"Wednesday, January 31, 2024",698.725
Samtskhe-Javakheti,"Thursday, February 29, 2024",707.476
Samtskhe-Javakheti,"Sunday, March 31, 2024",743.907
Samtskhe-Javakheti,"Tuesday, April 30, 2024",764.438
Samtskhe-Javakheti,"Friday, May 31, 2024",781.911
Samtskhe-Javakheti,"Sunday, June 30, 2024",794.027
Samtskhe-Javakheti,"Wednesday, July 31, 2024",807.434
Samtskhe-Javakheti,"Saturday, August 31, 2024",825.65
Samtskhe-Javakheti,"Monday, September 30, 2024",836.438
Samtskhe-Javakheti,"Thursday, October 31, 2024",841.312
Samtskhe-Javakheti,"Saturday, November 30, 2024",853.694
Samtskhe-Javakheti,"Tuesday, December 31, 2024",871.863
Samtskhe-Javakheti,"Friday, January 31, 2025",873.632
Samtskhe-Javakheti,"Friday, February 28, 2025",878.697
Samtskhe-Javakheti,"Monday, March 31, 2025",893.005
Samtskhe-Javakheti,"Wednesday, April 30, 2025",906.582
Samtskhe-Javakheti,"Saturday, May 31, 2025",925.223
Samtskhe-Javakheti,"Monday, June 30, 2025",939.841
Samtskhe-Javakheti,"Thursday, July 31, 2025",951.773
Samtskhe-Javakheti,"Sunday, August 31, 2025",956.978
Samtskhe-Javakheti,"Tuesday, September 30, 2025",972.82
Samtskhe-Javakheti,"Friday, October 31, 2025",981.589
Samtskhe-Javakheti,"Sunday, November 30, 2025",988.373
Samtskhe-Javakheti,"Wednesday, December 31, 2025",1014.706
Samtskhe-Javakheti,"Saturday, January 31, 2026",1002.83
Samtskhe-Javakheti,"Saturday, February 28, 2026",1012.502
Samtskhe-Javakheti,"Tuesday, March 31, 2026",1019.876
